Bay Area,Bay,SFBA,,,,,,,,
North Bay,,,,,,,,,,
Peninsula,,,,,,,,,,
East Bay,,,,,,,,,,
South Bay,,,,,,,,,,
Alameda,ala,94501,94502,,,,,,,
Contra Costa,CC,,,,,,,,,
Marin,Mrn,,,,,,,,,
Napa,Nap,,,,,,,,,
San Francisco,SF,San Fran,SF,San Franc,San Franciscoca,San Francis,San fransis,Frisco,sfc,S.F.
San Mateo,SM,,,,,,,,,
Santa Clara,SCl,,,,,,,,,
Solano,Sol,,,,,,,,,
Sonoma,Son,SSU,,,,,,,,
Albany,,,,,,,,,,
American Canyon,Napa Junction,,,,,,,,,
Antioch,,,,,,,,,,
Albany,,,,,,,,,,
American Canyon,,,,,,,,,,
Antioch,,,,,,,,,,
Atherton,,,,,,,,,,
Belmont,,,,,,,,,,
Belvedere,,,,,,,,,,
Benicia,,,,,,,,,,
Berkeley,,,,,,,,,,
Brentwood,,,,,,,,,,
Brisbane,,,,,,,,,,
Burlingame,,,,,,,,,,
Calistoga,,,,,,,,,,
Campbell,,,,,,,,,,
Clayton,,,,,,,,,,
Cloverdale,,,,,,,,,,
Colma,,,,,,,,,,
Concord,,,,,,,,,,
Corte Madera,,,,,,,,,,
Cotati,,,,,,,,,,
Cupertino,,,,,,,,,,
Daly City,,,,,,,,,,
Danville,,,,,,,,,,
Dixon,,,,,,,,,,
Dublin,,,,,,,,,,
East Palo Alto,,,,,,,,,,
El Cerrito,,,,,,,,,,
Emeryville,,,,,,,,,,
Fairfax,,,,,,,,,,
Fairfield,,,,,,,,,,
Foster City,,,,,,,,,,
Fremont,,,,,,,,,,
Gilroy,,,,,,,,,,
Half Moon Bay,,,,,,,,,,
Hayward,,,,,,,,,,
Healdsburg,,,,,,,,,,
Hercules,,,,,,,,,,
Hillsborough,,,,,,,,,,
Lafayette,,,,,,,,,,
Larkspur,,,,,,,,,,
Livermore,,,,,,,,,,
Los Altos,,,,,,,,,,
Los Altos Hills,,,,,,,,,,
Los Gatos,,,,,,,,,,
Martinez,,,,,,,,,,
Menlo Park,,,,,,,,,,
Mill Valley,,,,,,,,,,
Millbrae,,,,,,,,,,
Milpitas,,,,,,,,,,
Monte Sereno,,,,,,,,,,
Moraga,,,,,,,,,,
Morgan Hill,,,,,,,,,,
Mountain View,,,,,,,,,,
Newark,,,,,,,,,,
Novato,,,,,,,,,,
Oakland,OAKERE,OAKF,OAKG,OAKJ,OAKL,OAKN,OAKOC, OAKR,OAKS,
Oakley,ocl,,,,,,,,,
Orinda,,,,,,,,,,
Pacifica,,,,,,,,,,
Palo Alto,pa,,,,,,,,,
Petaluma,,,,,,,,,,
Piedmont,,,,,,,,,,
Pinole,,,,,,,,,,
Pittsburg,,,,,,,,,,
Pleasant Hill,,,,,,,,,,
Pleasanton,,,,,,,,,,
Portola Valley,,,,,,,,,,
Redwood City,,,,,,,,,,
Richmond,,,,,,,,,,
Rio Vista,,,,,,,,,,
Rohnert Park,,,,,,,,,,
Ross,,,,,,,,,,
St. Helena,,,,,,,,,,
San Anselmo,,,,,,,,,,
San Bruno,,,,,,,,,,
San Carlos,,,,,,,,,,
San Jose,sj,,,,,,,,,
San Leandro,,,,,,,,,,
San Pablo,,,,,,,,,,
San Rafael,,,,,,,,,,
San Ramon,,,,,,,,,,
Santa Monica,Santa Monic,Santa Monic,Santa Moni,Santa Mon,,,,,,
Santa Rosa,,,,,,,,,,
Saratoga,,,,,,,,,,
Sausalito,,,,,,,,,,
Sebastopol,,,,,,,,,,
South San Francisco,,,,,,,,,,
Suisun City,,,,,,,,,,
Sunnyvale,,,,,,,,,,
Tiburon,,,,,,,,,,
Union City,,,,,,,,,,
Vacaville,,,,,,,,,,
Vallejo,,,,,,,,,,
Walnut Creek,,,,,,,,,,
Windsor,,,,,,,,,,
Woodside,,,,,,,,,,
Yountville,,,,,,,,,,
Boston,BOSS,BOSSI,bcg,,,,,,,
